visitor_id,variant,event_type,timestamp
v-lcopecr77x,A,view,2025-09-07T14:33:23.928Z
v-gauf1xhr9a,B,view,2025-09-07T14:33:24.092Z
v-gauf1xhr9a,A,view,2025-09-07T14:33:24.222Z
v-gauf1xhr9a,A,view,2025-09-07T14:33:24.355Z
v-gauf1xhr9a,B,view,2025-09-07T14:33:24.487Z
v-gauf1xhr9a,B,view,2025-09-07T14:33:24.620Z
v-gauf1xhr9a,B,view,2025-09-07T14:33:24.750Z
v-gauf1xhr9a,B,view,2025-09-07T14:33:24.884Z
v-gauf1xhr9a,A,view,2025-09-07T14:33:25.014Z
v-gauf1xhr9a,A,view,2025-09-07T14:33:25.139Z
v-gauf1xhr9a,A,view,2025-09-07T14:33:25.266Z
v-gauf1xhr9a,A,view,2025-09-07T14:33:25.389Z
v-gauf1xhr9a,A,view,2025-09-07T14:33:25.515Z
v-gauf1xhr9a,A,view,2025-09-07T14:33:25.638Z
v-gauf1xhr9a,B,view,2025-09-07T14:33:25.765Z
v-gauf1xhr9a,B,view,2025-09-07T14:33:25.887Z
v-gauf1xhr9a,B,view,2025-09-07T14:33:26.016Z
v-gauf1xhr9a,A,view,2025-09-07T14:33:26.142Z
v-gauf1xhr9a,A,view,2025-09-07T14:33:26.268Z
v-gauf1xhr9a,B,view,2025-09-07T14:33:26.393Z
v-gauf1xhr9a,A,view,2025-09-07T14:33:26.521Z
v-gauf1xhr9a,A,view,2025-09-07T14:33:26.646Z
v-gauf1xhr9a,B,view,2025-09-07T14:33:26.770Z
v-gauf1xhr9a,B,view,2025-09-07T14:33:26.917Z
v-gauf1xhr9a,A,view,2025-09-07T14:33:27.058Z
v-gauf1xhr9a,B,view,2025-09-07T14:33:27.186Z
v-gauf1xhr9a,A,view,2025-09-07T14:33:27.317Z
v-gauf1xhr9a,B,view,2025-09-07T14:33:27.482Z
v-gauf1xhr9a,A,view,2025-09-07T14:33:27.633Z
v-gauf1xhr9a,A,view,2025-09-07T14:33:27.756Z
v-gauf1xhr9a,A,conversion,2025-09-07T14:33:36.513Z
v-gauf1xhr9a,A,view,2025-09-07T14:33:37.660Z
v-gauf1xhr9a,B,view,2025-09-07T14:33:37.807Z
v-gauf1xhr9a,B,view,2025-09-07T14:33:37.950Z
v-gauf1xhr9a,B,view,2025-09-07T14:33:38.086Z
v-gauf1xhr9a,B,conversion,2025-09-07T14:33:38.938Z
v-gauf1xhr9a,A,view,2025-09-07T14:33:39.974Z
v-gauf1xhr9a,A,view,2025-09-07T14:33:40.109Z
v-gauf1xhr9a,A,view,2025-09-07T14:33:40.255Z
v-gauf1xhr9a,A,conversion,2025-09-07T14:33:41.401Z
v-gauf1xhr9a,B,view,2025-09-07T14:33:42.390Z
v-gauf1xhr9a,B,view,2025-09-07T14:33:42.527Z
v-gauf1xhr9a,A,view,2025-09-07T14:33:42.687Z
v-gauf1xhr9a,A,view,2025-09-07T14:33:42.825Z
v-gauf1xhr9a,A,conversion,2025-09-07T14:33:58.161Z
v-gauf1xhr9a,B,view,2025-09-07T14:33:59.312Z
v-gauf1xhr9a,A,view,2025-09-07T14:33:59.461Z
v-gauf1xhr9a,A,view,2025-09-07T14:33:59.597Z
v-gauf1xhr9a,A,view,2025-09-07T14:33:59.726Z
v-gauf1xhr9a,B,view,2025-09-07T14:37:43.188Z
v-gauf1xhr9a,A,view,2025-09-07T14:37:43.337Z
v-gauf1xhr9a,A,view,2025-09-07T14:37:43.466Z
v-gauf1xhr9a,B,view,2025-09-07T14:37:43.601Z
v-gauf1xhr9a,A,view,2025-09-07T14:37:43.754Z
v-gauf1xhr9a,B,view,2025-09-07T14:37:43.918Z
v-gauf1xhr9a,A,view,2025-09-07T14:37:44.052Z
v-gauf1xhr9a,A,view,2025-09-07T14:37:44.181Z
v-gauf1xhr9a,B,view,2025-09-07T14:37:44.313Z
v-gauf1xhr9a,B,view,2025-09-07T14:37:44.447Z
v-gauf1xhr9a,A,view,2025-09-07T14:37:44.574Z
v-gauf1xhr9a,A,view,2025-09-07T14:37:44.702Z
v-gauf1xhr9a,A,view,2025-09-07T14:37:44.833Z
v-gauf1xhr9a,B,view,2025-09-07T14:37:44.968Z
v-gauf1xhr9a,B,view,2025-09-07T14:37:45.101Z
v-gauf1xhr9a,B,view,2025-09-07T14:37:45.234Z
v-gauf1xhr9a,B,view,2025-09-07T14:37:45.360Z
v-gauf1xhr9a,B,view,2025-09-07T14:37:45.518Z
v-gauf1xhr9a,A,view,2025-09-07T14:37:45.646Z
v-gauf1xhr9a,A,view,2025-09-07T14:37:45.774Z
v-gauf1xhr9a,B,view,2025-09-07T14:37:45.915Z
v-gauf1xhr9a,A,view,2025-09-07T14:37:46.046Z
v-gauf1xhr9a,B,view,2025-09-07T14:37:46.197Z
v-gauf1xhr9a,B,view,2025-09-07T14:37:46.347Z
v-gauf1xhr9a,A,view,2025-09-07T14:37:46.473Z
v-gauf1xhr9a,A,view,2025-09-07T14:37:46.637Z
v-gauf1xhr9a,B,view,2025-09-07T14:37:46.808Z
v-gauf1xhr9a,B,view,2025-09-07T14:37:46.971Z
v-gauf1xhr9a,B,view,2025-09-07T14:37:47.096Z
v-gauf1xhr9a,B,view,2025-09-07T14:37:47.225Z
v-gauf1xhr9a,B,view,2025-09-07T14:37:47.354Z
v-gauf1xhr9a,B,view,2025-09-07T14:37:47.516Z
v-gauf1xhr9a,A,view,2025-09-07T14:37:47.654Z
v-gauf1xhr9a,B,view,2025-09-07T14:37:47.811Z
v-gauf1xhr9a,B,view,2025-09-07T14:37:47.960Z
v-gauf1xhr9a,B,view,2025-09-07T14:37:48.133Z
v-gauf1xhr9a,B,view,2025-09-07T14:37:48.290Z
v-gauf1xhr9a,B,view,2025-09-07T14:37:48.464Z
v-gauf1xhr9a,B,view,2025-09-07T14:37:48.592Z
v-gauf1xhr9a,A,view,2025-09-07T14:37:48.755Z
v-gauf1xhr9a,B,view,2025-09-07T14:37:48.883Z
v-gauf1xhr9a,B,view,2025-09-07T14:37:49.009Z
v-gauf1xhr9a,A,view,2025-09-07T14:37:49.179Z
v-gauf1xhr9a,B,view,2025-09-07T14:37:49.308Z
v-gauf1xhr9a,B,view,2025-09-07T14:37:49.481Z
v-gauf1xhr9a,B,view,2025-09-07T14:37:49.637Z
v-gauf1xhr9a,B,view,2025-09-07T14:37:49.787Z
v-gauf1xhr9a,B,view,2025-09-07T14:37:49.948Z
v-gauf1xhr9a,B,view,2025-09-07T14:37:50.076Z
v-gauf1xhr9a,B,view,2025-09-07T14:37:50.206Z
v-gauf1xhr9a,B,view,2025-09-07T14:37:50.356Z
v-gauf1xhr9a,A,view,2025-09-07T14:37:50.502Z
v-gauf1xhr9a,A,view,2025-09-07T14:37:50.658Z
v-gauf1xhr9a,B,view,2025-09-07T14:37:50.799Z
v-gauf1xhr9a,B,view,2025-09-07T14:37:50.931Z
v-gauf1xhr9a,B,view,2025-09-07T14:37:51.062Z
v-gauf1xhr9a,A,view,2025-09-07T14:37:51.222Z
v-gauf1xhr9a,B,view,2025-09-07T14:37:51.353Z
v-gauf1xhr9a,A,view,2025-09-07T14:37:51.480Z
v-gauf1xhr9a,B,view,2025-09-07T14:37:51.646Z
v-gauf1xhr9a,A,view,2025-09-07T14:37:51.784Z
v-gauf1xhr9a,A,view,2025-09-07T14:37:51.931Z
v-gauf1xhr9a,B,view,2025-09-07T14:37:52.060Z
v-gauf1xhr9a,A,view,2025-09-07T14:37:52.200Z
v-gauf1xhr9a,B,view,2025-09-07T14:37:52.328Z
v-gauf1xhr9a,A,view,2025-09-07T14:37:52.500Z
v-gauf1xhr9a,A,view,2025-09-07T14:37:52.634Z
v-gauf1xhr9a,A,view,2025-09-07T14:37:52.762Z
v-gauf1xhr9a,A,view,2025-09-07T14:37:52.890Z
v-gauf1xhr9a,A,view,2025-09-07T14:37:53.021Z
v-gauf1xhr9a,A,view,2025-09-07T14:37:53.146Z
v-gauf1xhr9a,A,view,2025-09-07T14:37:53.275Z
v-gauf1xhr9a,B,view,2025-09-07T14:37:53.437Z
v-gauf1xhr9a,B,view,2025-09-07T14:37:53.610Z
v-gauf1xhr9a,A,view,2025-09-07T14:37:53.742Z
v-gauf1xhr9a,B,view,2025-09-07T14:37:53.927Z
v-gauf1xhr9a,A,view,2025-09-07T14:37:54.074Z
v-gauf1xhr9a,A,view,2025-09-07T14:37:54.199Z
v-gauf1xhr9a,B,view,2025-09-07T14:37:54.370Z
v-gauf1xhr9a,A,view,2025-09-07T14:37:54.497Z
v-gauf1xhr9a,A,view,2025-09-07T14:37:54.657Z
v-gauf1xhr9a,A,view,2025-09-07T14:37:54.801Z
v-gauf1xhr9a,A,view,2025-09-07T14:37:54.968Z
v-gauf1xhr9a,B,view,2025-09-07T14:37:55.096Z
v-gauf1xhr9a,B,view,2025-09-07T14:37:55.223Z
v-gauf1xhr9a,B,view,2025-09-07T14:37:55.361Z
v-gauf1xhr9a,B,view,2025-09-07T14:37:55.505Z
v-gauf1xhr9a,A,view,2025-09-07T14:37:55.652Z
v-gauf1xhr9a,A,view,2025-09-07T14:37:55.805Z
v-gauf1xhr9a,B,view,2025-09-07T14:37:56.137Z
v-gauf1xhr9a,A,view,2025-09-07T14:37:56.448Z
v-gauf1xhr9a,A,view,2025-09-07T14:37:56.573Z
v-gauf1xhr9a,A,view,2025-09-07T14:37:56.696Z
v-gauf1xhr9a,A,view,2025-09-07T14:37:56.857Z
v-gauf1xhr9a,B,view,2025-09-07T14:37:56.995Z
v-gauf1xhr9a,A,view,2025-09-07T14:37:57.152Z
v-gauf1xhr9a,B,view,2025-09-07T14:37:57.280Z
v-gauf1xhr9a,B,view,2025-09-07T14:37:57.408Z
v-gauf1xhr9a,B,view,2025-09-07T14:37:57.557Z
v-gauf1xhr9a,B,view,2025-09-07T14:37:57.724Z
v-gauf1xhr9a,B,view,2025-09-07T14:37:57.903Z
v-gauf1xhr9a,A,view,2025-09-07T14:37:58.035Z
v-gauf1xhr9a,A,view,2025-09-07T14:37:58.163Z
v-gauf1xhr9a,B,view,2025-09-07T14:37:58.294Z
v-gauf1xhr9a,A,view,2025-09-07T14:37:58.433Z
v-gauf1xhr9a,B,view,2025-09-07T14:37:58.586Z
v-gauf1xhr9a,B,view,2025-09-07T14:37:58.756Z
v-gauf1xhr9a,B,view,2025-09-07T14:37:58.887Z
v-gauf1xhr9a,A,view,2025-09-07T14:37:59.025Z
v-gauf1xhr9a,B,view,2025-09-07T14:37:59.159Z
v-gauf1xhr9a,A,view,2025-09-07T14:37:59.299Z
v-gauf1xhr9a,B,view,2025-09-07T14:37:59.430Z
v-gauf1xhr9a,A,view,2025-09-07T14:37:59.617Z
v-gauf1xhr9a,B,view,2025-09-07T14:37:59.801Z
v-gauf1xhr9a,B,view,2025-09-07T14:37:59.942Z
v-gauf1xhr9a,B,view,2025-09-07T14:38:00.086Z
v-gauf1xhr9a,B,view,2025-09-07T14:38:00.240Z
v-gauf1xhr9a,B,view,2025-09-07T14:38:00.367Z
v-gauf1xhr9a,B,view,2025-09-07T14:38:00.499Z
v-gauf1xhr9a,B,view,2025-09-07T14:38:00.636Z
v-gauf1xhr9a,A,view,2025-09-07T14:38:00.765Z
v-gauf1xhr9a,B,view,2025-09-07T14:38:00.922Z
v-gauf1xhr9a,B,view,2025-09-07T14:38:01.121Z
v-gauf1xhr9a,A,view,2025-09-07T14:38:01.266Z
v-gauf1xhr9a,B,view,2025-09-07T14:38:01.405Z
v-gauf1xhr9a,B,view,2025-09-07T14:38:01.558Z
v-gauf1xhr9a,B,view,2025-09-07T14:38:01.703Z
v-gauf1xhr9a,A,view,2025-09-07T14:38:01.834Z
v-gauf1xhr9a,A,view,2025-09-07T14:38:01.981Z
v-gauf1xhr9a,A,view,2025-09-07T14:38:02.116Z
v-gauf1xhr9a,B,view,2025-09-07T14:38:02.252Z
v-gauf1xhr9a,A,view,2025-09-07T14:38:02.378Z
v-gauf1xhr9a,A,view,2025-09-07T14:38:02.508Z
v-gauf1xhr9a,B,view,2025-09-07T14:38:02.663Z
v-gauf1xhr9a,B,view,2025-09-07T14:38:02.809Z
v-gauf1xhr9a,A,view,2025-09-07T14:38:02.966Z
v-gauf1xhr9a,A,view,2025-09-07T14:38:03.138Z
v-gauf1xhr9a,A,view,2025-09-07T14:38:03.288Z
v-gauf1xhr9a,B,view,2025-09-07T14:38:03.447Z
v-gauf1xhr9a,A,view,2025-09-07T14:38:03.577Z
v-gauf1xhr9a,A,view,2025-09-07T14:38:03.713Z
v-gauf1xhr9a,B,view,2025-09-07T14:38:03.881Z
v-gauf1xhr9a,B,view,2025-09-07T14:38:04.012Z
v-gauf1xhr9a,A,view,2025-09-07T14:38:04.186Z
v-gauf1xhr9a,A,view,2025-09-07T14:38:04.313Z
v-gauf1xhr9a,A,view,2025-09-07T14:38:04.449Z
v-gauf1xhr9a,A,view,2025-09-07T14:38:04.579Z
v-gauf1xhr9a,B,view,2025-09-07T14:38:04.731Z
v-gauf1xhr9a,A,view,2025-09-07T14:38:04.861Z
v-gauf1xhr9a,B,view,2025-09-07T14:38:05.040Z
v-gauf1xhr9a,A,view,2025-09-07T14:38:05.186Z
v-gauf1xhr9a,A,view,2025-09-07T14:38:05.354Z
v-gauf1xhr9a,A,view,2025-09-07T14:38:05.484Z
v-gauf1xhr9a,B,view,2025-09-07T14:38:05.612Z
v-gauf1xhr9a,A,view,2025-09-07T14:38:05.748Z
v-gauf1xhr9a,A,view,2025-09-07T14:38:05.908Z
v-gauf1xhr9a,A,view,2025-09-07T14:38:06.081Z
v-gauf1xhr9a,B,view,2025-09-07T14:38:06.216Z
v-gauf1xhr9a,B,view,2025-09-07T14:38:06.345Z
v-gauf1xhr9a,A,view,2025-09-07T14:38:06.476Z
v-gauf1xhr9a,A,view,2025-09-07T14:38:06.644Z
v-gauf1xhr9a,B,view,2025-09-07T14:38:06.768Z
v-gauf1xhr9a,A,view,2025-09-07T14:38:06.896Z
v-gauf1xhr9a,B,view,2025-09-07T14:38:07.024Z
v-gauf1xhr9a,B,view,2025-09-07T14:38:07.150Z
v-gauf1xhr9a,B,view,2025-09-07T14:38:07.279Z
v-gauf1xhr9a,A,view,2025-09-07T14:38:07.408Z
v-gauf1xhr9a,B,view,2025-09-07T14:38:07.588Z
v-gauf1xhr9a,A,view,2025-09-07T14:38:07.765Z
v-gauf1xhr9a,B,view,2025-09-07T14:38:07.892Z
v-gauf1xhr9a,A,view,2025-09-07T14:38:08.030Z
v-gauf1xhr9a,A,view,2025-09-07T14:38:08.158Z
v-gauf1xhr9a,B,view,2025-09-07T14:38:08.286Z
v-gauf1xhr9a,A,view,2025-09-07T14:38:08.440Z
v-gauf1xhr9a,A,view,2025-09-07T14:38:08.571Z
v-gauf1xhr9a,B,view,2025-09-07T14:38:08.697Z
v-gauf1xhr9a,B,view,2025-09-07T14:38:08.827Z
v-gauf1xhr9a,B,view,2025-09-07T14:38:08.962Z
v-gauf1xhr9a,A,view,2025-09-07T14:38:09.090Z
v-gauf1xhr9a,A,view,2025-09-07T14:38:09.219Z
v-gauf1xhr9a,A,view,2025-09-07T14:38:09.375Z
v-gauf1xhr9a,B,view,2025-09-07T14:38:09.514Z
v-gauf1xhr9a,A,view,2025-09-07T14:38:09.644Z
v-gauf1xhr9a,B,view,2025-09-07T14:38:09.774Z
v-gauf1xhr9a,A,view,2025-09-07T14:38:09.937Z
v-gauf1xhr9a,B,view,2025-09-07T14:38:10.088Z
v-gauf1xhr9a,A,view,2025-09-07T14:38:10.226Z
v-gauf1xhr9a,A,view,2025-09-07T14:38:10.358Z
v-gauf1xhr9a,A,view,2025-09-07T14:38:10.519Z
v-gauf1xhr9a,A,view,2025-09-07T14:38:10.689Z
v-gauf1xhr9a,A,view,2025-09-07T14:38:10.819Z
v-gauf1xhr9a,B,view,2025-09-07T14:38:10.945Z
v-gauf1xhr9a,B,view,2025-09-07T14:38:11.075Z
v-gauf1xhr9a,A,view,2025-09-07T14:38:11.220Z
v-gauf1xhr9a,B,view,2025-09-07T14:38:11.380Z
v-gauf1xhr9a,A,view,2025-09-07T14:38:11.518Z
v-gauf1xhr9a,B,view,2025-09-07T14:38:11.676Z
v-gauf1xhr9a,A,view,2025-09-07T14:38:11.812Z
v-gauf1xhr9a,A,view,2025-09-07T14:38:11.973Z
v-gauf1xhr9a,B,view,2025-09-07T14:38:12.112Z
v-gauf1xhr9a,A,view,2025-09-07T14:38:12.286Z
v-gauf1xhr9a,A,view,2025-09-07T14:38:12.413Z
v-gauf1xhr9a,B,view,2025-09-07T14:38:12.543Z
v-gauf1xhr9a,A,view,2025-09-07T14:38:12.679Z
v-gauf1xhr9a,B,view,2025-09-07T14:38:12.832Z
v-gauf1xhr9a,A,view,2025-09-07T14:38:12.988Z
v-gauf1xhr9a,A,view,2025-09-07T14:38:13.125Z
v-gauf1xhr9a,B,view,2025-09-07T14:38:13.305Z
v-gauf1xhr9a,A,conversion,2025-09-07T14:38:42.121Z
v-gauf1xhr9a,B,view,2025-09-07T14:38:43.206Z
v-gauf1xhr9a,A,view,2025-09-07T14:38:43.333Z
v-gauf1xhr9a,B,view,2025-09-07T14:38:43.463Z
v-gauf1xhr9a,B,conversion,2025-09-07T14:38:44.241Z
v-gauf1xhr9a,A,view,2025-09-07T14:38:45.521Z
v-gauf1xhr9a,A,view,2025-09-07T14:38:45.650Z
v-gauf1xhr9a,B,view,2025-09-07T14:38:45.780Z
v-gauf1xhr9a,B,view,2025-09-07T14:41:26.678Z
v-gauf1xhr9a,B,view,2025-09-07T14:41:26.831Z
v-gauf1xhr9a,A,view,2025-09-07T14:41:26.980Z
v-gauf1xhr9a,A,view,2025-09-07T14:41:27.121Z
v-atfkskpu4x,A,view,2025-09-07T18:00:49.104Z
v-atfkskpu4x,A,view,2025-09-07T18:00:49.327Z
v-atfkskpu4x,A,view,2025-09-07T18:00:49.546Z
v-atfkskpu4x,A,view,2025-09-07T18:00:49.734Z
v-atfkskpu4x,A,view,2025-09-07T18:00:49.920Z
v-atfkskpu4x,A,view,2025-09-07T18:00:50.104Z
v-atfkskpu4x,A,view,2025-09-07T18:00:50.302Z
v-atfkskpu4x,B,view,2025-09-07T18:00:50.498Z
v-atfkskpu4x,A,view,2025-09-07T18:00:50.677Z
v-atfkskpu4x,A,view,2025-09-07T18:00:50.877Z
v-atfkskpu4x,B,view,2025-09-07T18:00:51.094Z
v-atfkskpu4x,B,view,2025-09-07T18:00:51.284Z
v-atfkskpu4x,B,view,2025-09-07T18:00:51.465Z
v-atfkskpu4x,A,view,2025-09-07T18:00:51.644Z
v-atfkskpu4x,B,view,2025-09-07T18:00:51.857Z
v-atfkskpu4x,B,view,2025-09-07T18:00:52.049Z
v-atfkskpu4x,A,view,2025-09-07T18:00:52.230Z
v-atfkskpu4x,B,view,2025-09-07T18:00:52.410Z
v-atfkskpu4x,A,view,2025-09-07T18:00:52.576Z
v-atfkskpu4x,B,view,2025-09-07T18:00:52.753Z
v-atfkskpu4x,B,view,2025-09-07T18:00:52.945Z
v-atfkskpu4x,B,view,2025-09-07T18:00:53.146Z
v-atfkskpu4x,B,view,2025-09-07T18:00:53.348Z
v-atfkskpu4x,A,view,2025-09-07T18:00:53.528Z
v-atfkskpu4x,B,view,2025-09-07T18:00:53.716Z
v-atfkskpu4x,A,view,2025-09-07T18:00:53.909Z
v-atfkskpu4x,B,view,2025-09-07T18:00:54.098Z
v-atfkskpu4x,B,view,2025-09-07T18:00:54.280Z
v-atfkskpu4x,B,view,2025-09-07T18:00:54.478Z
v-atfkskpu4x,B,view,2025-09-07T18:00:54.670Z
v-atfkskpu4x,A,view,2025-09-07T18:00:54.895Z
v-atfkskpu4x,B,view,2025-09-07T18:00:55.068Z
v-atfkskpu4x,A,view,2025-09-07T18:00:55.250Z
v-atfkskpu4x,B,view,2025-09-07T18:00:55.436Z
v-atfkskpu4x,B,view,2025-09-07T18:00:55.615Z
v-atfkskpu4x,B,view,2025-09-07T18:00:55.806Z
v-atfkskpu4x,B,view,2025-09-07T18:00:55.993Z
v-atfkskpu4x,A,view,2025-09-07T18:00:56.183Z
v-atfkskpu4x,A,view,2025-09-07T18:00:56.386Z
v-atfkskpu4x,B,view,2025-09-07T18:00:56.569Z
v-atfkskpu4x,B,view,2025-09-07T18:00:56.746Z
v-atfkskpu4x,A,view,2025-09-07T18:00:56.948Z
v-atfkskpu4x,A,view,2025-09-07T18:00:57.138Z
v-atfkskpu4x,A,view,2025-09-07T18:00:57.328Z
v-atfkskpu4x,B,view,2025-09-07T18:00:57.525Z
v-atfkskpu4x,A,view,2025-09-07T18:00:57.712Z
v-atfkskpu4x,B,view,2025-09-07T18:00:57.908Z
v-atfkskpu4x,B,view,2025-09-07T18:00:58.084Z
v-atfkskpu4x,B,view,2025-09-07T18:00:58.280Z
v-atfkskpu4x,B,view,2025-09-07T18:00:58.482Z
v-atfkskpu4x,A,view,2025-09-07T18:00:58.675Z
v-atfkskpu4x,A,view,2025-09-07T18:00:58.860Z
v-atfkskpu4x,B,view,2025-09-07T18:00:59.083Z
v-atfkskpu4x,B,view,2025-09-07T18:00:59.278Z
v-atfkskpu4x,B,view,2025-09-07T18:00:59.488Z
v-atfkskpu4x,A,view,2025-09-07T18:00:59.681Z
v-atfkskpu4x,B,view,2025-09-07T18:00:59.879Z
v-atfkskpu4x,A,view,2025-09-07T18:01:00.094Z
v-atfkskpu4x,A,view,2025-09-10T04:37:08.112Z
v-atfkskpu4x,A,view,2025-09-10T04:37:08.452Z
v-atfkskpu4x,A,view,2025-09-10T04:37:08.649Z
v-atfkskpu4x,A,view,2025-09-10T04:37:08.865Z
v-atfkskpu4x,B,view,2025-09-10T04:37:09.104Z
v-atfkskpu4x,A,view,2025-09-10T04:37:09.356Z
v-atfkskpu4x,B,view,2025-09-10T04:37:09.710Z
v-atfkskpu4x,A,view,2025-09-10T04:37:09.921Z
v-atfkskpu4x,B,view,2025-09-10T04:37:10.149Z
v-atfkskpu4x,A,view,2025-09-10T04:37:10.347Z
v-atfkskpu4x,B,view,2025-09-10T04:37:10.536Z
v-atfkskpu4x,B,view,2025-09-10T04:37:10.714Z
v-atfkskpu4x,B,view,2025-09-10T04:37:10.918Z
v-atfkskpu4x,A,view,2025-09-10T04:37:11.084Z
v-atfkskpu4x,B,view,2025-09-10T04:37:11.275Z
v-atfkskpu4x,A,view,2025-09-10T04:37:11.462Z
v-atfkskpu4x,B,view,2025-09-10T04:37:11.649Z
v-atfkskpu4x,B,view,2025-09-10T04:37:11.835Z
v-atfkskpu4x,A,view,2025-09-10T04:37:12.024Z
v-atfkskpu4x,B,view,2025-09-10T04:37:12.228Z
v-atfkskpu4x,A,view,2025-09-10T04:37:12.415Z
v-atfkskpu4x,B,view,2025-09-10T04:37:12.614Z
v-atfkskpu4x,A,view,2025-09-10T04:37:12.801Z
v-atfkskpu4x,B,view,2025-09-10T04:37:12.989Z
v-atfkskpu4x,B,view,2025-09-10T04:37:13.202Z
v-atfkskpu4x,B,view,2025-09-10T04:37:13.392Z
v-atfkskpu4x,B,view,2025-09-10T04:37:13.583Z
v-atfkskpu4x,A,view,2025-09-10T04:37:13.782Z
v-atfkskpu4x,A,view,2025-09-10T04:37:13.974Z
v-atfkskpu4x,A,view,2025-09-10T04:37:14.164Z
v-atfkskpu4x,A,view,2025-09-10T04:37:14.351Z
v-atfkskpu4x,B,view,2025-09-10T04:37:14.539Z
v-atfkskpu4x,A,view,2025-09-10T04:37:14.745Z
v-atfkskpu4x,B,view,2025-09-10T04:37:14.937Z
v-atfkskpu4x,B,view,2025-09-10T04:37:15.133Z
v-atfkskpu4x,B,view,2025-09-10T04:37:15.330Z
v-atfkskpu4x,B,view,2025-09-10T04:37:15.515Z
v-atfkskpu4x,B,view,2025-09-10T04:37:15.731Z
v-atfkskpu4x,A,view,2025-09-10T04:37:15.921Z
v-atfkskpu4x,A,view,2025-09-10T04:37:16.106Z
v-atfkskpu4x,A,view,2025-09-10T04:37:16.299Z
v-atfkskpu4x,A,view,2025-09-10T04:37:16.490Z
v-atfkskpu4x,B,view,2025-09-10T04:37:16.675Z
v-atfkskpu4x,B,view,2025-09-10T04:37:16.874Z
v-atfkskpu4x,A,view,2025-09-10T04:37:17.064Z
v-atfkskpu4x,A,view,2025-09-10T04:37:17.272Z
v-atfkskpu4x,A,view,2025-09-10T04:37:17.480Z
v-atfkskpu4x,B,view,2025-09-10T04:37:17.683Z
v-atfkskpu4x,A,view,2025-09-10T04:37:17.900Z
v-atfkskpu4x,B,view,2025-09-10T04:37:18.109Z
v-atfkskpu4x,B,view,2025-09-10T04:37:18.328Z
v-atfkskpu4x,A,view,2025-09-10T04:37:18.568Z
v-atfkskpu4x,B,view,2025-09-10T04:37:18.890Z
v-atfkskpu4x,B,view,2025-09-10T04:37:19.092Z
v-atfkskpu4x,A,view,2025-09-10T04:37:19.311Z
v-atfkskpu4x,B,view,2025-09-10T04:37:19.530Z
v-atfkskpu4x,A,view,2025-09-10T04:37:19.738Z
v-atfkskpu4x,A,view,2025-09-10T04:37:19.947Z
v-atfkskpu4x,A,view,2025-09-10T04:37:20.157Z
v-atfkskpu4x,B,view,2025-09-10T04:37:20.422Z
v-atfkskpu4x,A,view,2025-09-10T04:37:20.640Z
v-atfkskpu4x,B,view,2025-09-10T04:37:20.862Z
v-atfkskpu4x,B,view,2025-09-10T04:37:21.068Z
v-atfkskpu4x,A,view,2025-09-10T04:37:21.297Z
v-atfkskpu4x,B,view,2025-09-10T04:37:21.517Z
v-atfkskpu4x,A,view,2025-09-10T04:37:21.738Z
v-atfkskpu4x,A,view,2025-09-10T04:37:21.977Z
v-atfkskpu4x,A,view,2025-09-10T04:37:22.200Z
v-atfkskpu4x,B,view,2025-09-10T04:37:22.436Z
v-atfkskpu4x,B,view,2025-09-10T04:37:22.661Z
v-atfkskpu4x,A,view,2025-09-10T04:37:22.895Z
v-atfkskpu4x,B,view,2025-09-10T04:37:23.169Z
v-atfkskpu4x,B,view,2025-09-10T04:37:23.377Z
v-atfkskpu4x,B,view,2025-09-10T04:37:23.585Z
v-atfkskpu4x,B,view,2025-09-10T04:37:23.766Z
v-atfkskpu4x,B,view,2025-09-10T04:37:23.955Z
v-atfkskpu4x,A,view,2025-09-10T04:37:24.151Z
v-atfkskpu4x,A,view,2025-09-10T04:37:24.339Z
v-atfkskpu4x,B,view,2025-09-10T04:37:24.538Z
v-atfkskpu4x,B,view,2025-09-10T04:37:24.743Z
v-atfkskpu4x,A,view,2025-09-10T04:37:24.933Z
v-atfkskpu4x,A,view,2025-09-10T04:37:25.127Z
v-atfkskpu4x,A,view,2025-09-10T04:37:25.324Z
v-atfkskpu4x,B,view,2025-09-10T04:37:25.530Z
v-atfkskpu4x,B,view,2025-09-10T04:37:25.713Z
v-atfkskpu4x,B,view,2025-09-10T04:37:25.914Z
v-atfkskpu4x,A,view,2025-09-10T04:37:26.121Z
v-atfkskpu4x,B,view,2025-09-10T04:37:26.304Z
v-atfkskpu4x,A,view,2025-09-10T04:37:26.495Z
v-atfkskpu4x,A,view,2025-09-10T04:37:26.687Z
v-atfkskpu4x,B,view,2025-09-10T04:37:26.880Z
v-atfkskpu4x,A,view,2025-09-10T04:37:27.110Z
v-atfkskpu4x,B,view,2025-09-10T04:37:27.299Z
v-atfkskpu4x,B,view,2025-09-10T04:37:27.515Z
v-atfkskpu4x,B,view,2025-09-10T04:37:27.707Z
v-atfkskpu4x,A,view,2025-09-10T04:37:27.904Z
v-atfkskpu4x,B,view,2025-09-10T04:37:28.101Z
v-atfkskpu4x,B,view,2025-09-10T04:37:28.292Z
v-atfkskpu4x,A,view,2025-09-10T04:37:28.520Z
v-atfkskpu4x,A,view,2025-09-10T04:37:28.729Z
v-atfkskpu4x,A,view,2025-09-10T04:37:28.933Z
v-atfkskpu4x,A,view,2025-09-10T04:37:29.136Z
v-atfkskpu4x,A,view,2025-09-10T04:37:29.322Z
v-atfkskpu4x,B,view,2025-09-10T04:37:29.522Z
v-atfkskpu4x,A,view,2025-09-10T04:37:29.707Z
v-atfkskpu4x,A,view,2025-09-10T04:37:29.903Z
v-atfkskpu4x,B,view,2025-09-10T04:37:30.111Z
v-atfkskpu4x,B,view,2025-09-10T04:37:30.298Z
v-atfkskpu4x,A,view,2025-09-10T04:37:30.481Z
v-atfkskpu4x,B,view,2025-09-10T04:37:30.684Z
v-atfkskpu4x,A,view,2025-09-10T04:37:30.888Z
v-atfkskpu4x,B,view,2025-09-10T04:37:31.068Z
v-atfkskpu4x,A,view,2025-09-10T04:37:31.266Z
v-atfkskpu4x,B,view,2025-09-10T04:37:31.459Z
v-atfkskpu4x,A,view,2025-09-10T04:37:31.658Z
v-atfkskpu4x,B,view,2025-09-10T04:37:31.857Z
v-atfkskpu4x,A,view,2025-09-10T04:37:32.054Z
v-atfkskpu4x,B,view,2025-09-10T04:37:32.242Z
v-atfkskpu4x,A,view,2025-09-10T04:37:32.462Z
v-atfkskpu4x,A,view,2025-09-10T04:37:32.655Z
v-atfkskpu4x,A,view,2025-09-10T04:37:32.837Z
v-atfkskpu4x,B,view,2025-09-10T04:37:33.066Z
v-atfkskpu4x,A,view,2025-09-10T04:37:33.251Z
v-atfkskpu4x,A,view,2025-09-10T04:37:33.444Z
v-atfkskpu4x,A,view,2025-09-10T04:37:33.666Z
v-atfkskpu4x,A,view,2025-09-10T04:37:33.927Z
v-atfkskpu4x,B,view,2025-09-10T04:37:34.145Z
v-atfkskpu4x,B,view,2025-09-10T04:37:34.363Z
v-atfkskpu4x,B,view,2025-09-10T04:37:34.572Z
v-atfkskpu4x,A,view,2025-09-10T04:37:34.799Z
v-atfkskpu4x,A,view,2025-09-10T04:37:35.008Z
v-atfkskpu4x,A,view,2025-09-10T04:37:35.215Z
v-atfkskpu4x,B,view,2025-09-10T04:37:35.418Z
v-atfkskpu4x,B,view,2025-09-10T04:37:35.629Z
v-atfkskpu4x,A,view,2025-09-10T04:37:35.838Z
v-atfkskpu4x,B,view,2025-09-10T04:37:36.124Z
v-atfkskpu4x,B,view,2025-09-10T04:37:36.314Z
v-atfkskpu4x,B,view,2025-09-10T04:37:36.529Z
v-atfkskpu4x,B,view,2025-09-10T04:37:36.731Z
v-atfkskpu4x,B,view,2025-09-10T04:37:36.928Z
v-atfkskpu4x,B,view,2025-09-10T04:37:37.123Z
v-atfkskpu4x,B,view,2025-09-10T04:37:37.445Z
v-atfkskpu4x,B,view,2025-09-10T04:37:37.649Z
v-atfkskpu4x,A,view,2025-09-10T04:37:37.853Z
v-atfkskpu4x,A,view,2025-09-10T04:37:38.104Z
v-atfkskpu4x,A,view,2025-09-10T04:37:38.330Z
v-atfkskpu4x,B,view,2025-09-10T04:37:38.594Z
v-atfkskpu4x,B,view,2025-09-10T04:37:38.831Z
v-atfkskpu4x,A,view,2025-09-10T04:37:39.237Z
v-atfkskpu4x,A,view,2025-09-10T04:37:39.576Z
v-atfkskpu4x,B,view,2025-09-10T04:37:39.830Z
v-atfkskpu4x,B,view,2025-09-10T04:37:40.108Z
v-atfkskpu4x,B,view,2025-09-10T04:37:40.321Z
v-atfkskpu4x,B,view,2025-09-10T04:37:40.578Z
v-atfkskpu4x,B,view,2025-09-10T04:37:40.788Z
v-atfkskpu4x,A,view,2025-09-10T04:37:41.024Z
v-atfkskpu4x,B,view,2025-09-10T04:37:41.215Z
v-atfkskpu4x,A,view,2025-09-10T04:37:41.412Z
v-atfkskpu4x,A,view,2025-09-10T04:37:41.619Z
v-atfkskpu4x,A,view,2025-09-10T04:37:41.830Z
v-atfkskpu4x,B,view,2025-09-10T04:37:42.023Z
v-atfkskpu4x,A,view,2025-09-10T04:37:42.221Z
v-atfkskpu4x,A,view,2025-09-10T04:37:42.425Z
v-atfkskpu4x,A,view,2025-09-10T04:37:42.617Z
v-atfkskpu4x,B,view,2025-09-10T04:37:42.800Z
v-atfkskpu4x,B,view,2025-09-10T04:37:43.016Z
v-atfkskpu4x,B,view,2025-09-10T04:37:43.223Z
v-atfkskpu4x,A,view,2025-09-10T04:37:43.431Z
v-atfkskpu4x,A,view,2025-09-10T04:37:43.616Z
v-atfkskpu4x,B,view,2025-09-10T04:37:43.804Z
v-atfkskpu4x,A,view,2025-09-10T04:37:44.007Z
v-atfkskpu4x,B,view,2025-09-10T04:37:44.235Z
v-atfkskpu4x,A,view,2025-09-10T04:37:44.427Z
v-atfkskpu4x,A,view,2025-09-10T04:37:44.639Z
v-atfkskpu4x,B,view,2025-09-10T04:37:44.839Z
v-atfkskpu4x,A,view,2025-09-10T04:37:45.026Z
v-atfkskpu4x,B,view,2025-09-10T04:37:45.217Z
v-atfkskpu4x,A,view,2025-09-10T04:37:45.400Z
v-atfkskpu4x,B,view,2025-09-10T04:37:45.586Z
v-atfkskpu4x,A,view,2025-09-10T04:37:45.769Z
v-atfkskpu4x,B,view,2025-09-10T04:37:45.966Z
v-atfkskpu4x,A,view,2025-09-10T04:37:46.161Z
v-atfkskpu4x,B,view,2025-09-10T04:37:46.377Z
v-atfkskpu4x,B,view,2025-09-10T04:37:46.572Z
v-atfkskpu4x,A,view,2025-09-10T04:37:46.769Z
v-atfkskpu4x,B,view,2025-09-10T04:37:47.007Z
v-atfkskpu4x,A,view,2025-09-10T04:37:47.203Z
v-atfkskpu4x,A,view,2025-09-10T04:37:47.394Z
v-atfkskpu4x,A,view,2025-09-10T04:37:47.588Z
v-atfkskpu4x,B,view,2025-09-10T04:37:47.808Z
v-atfkskpu4x,B,view,2025-09-10T04:37:48.016Z
v-atfkskpu4x,A,view,2025-09-10T04:37:48.228Z
v-atfkskpu4x,A,view,2025-09-10T04:37:48.428Z
v-atfkskpu4x,A,view,2025-09-10T04:37:48.679Z
v-atfkskpu4x,A,view,2025-09-10T04:37:48.883Z
v-atfkskpu4x,A,view,2025-09-10T04:37:49.080Z
v-atfkskpu4x,A,view,2025-09-10T04:37:49.294Z
v-atfkskpu4x,A,view,2025-09-10T04:37:49.495Z
v-atfkskpu4x,A,view,2025-09-10T04:37:49.699Z
v-atfkskpu4x,B,view,2025-09-10T04:37:49.892Z
v-atfkskpu4x,A,view,2025-09-10T04:37:50.095Z
v-atfkskpu4x,A,view,2025-09-10T04:37:50.292Z
v-atfkskpu4x,B,view,2025-09-10T04:37:50.488Z
v-atfkskpu4x,B,view,2025-09-10T04:37:50.687Z
v-atfkskpu4x,A,view,2025-09-10T04:37:50.875Z
v-atfkskpu4x,A,view,2025-09-10T04:37:51.079Z
v-atfkskpu4x,B,view,2025-09-10T04:37:51.261Z
v-atfkskpu4x,B,view,2025-09-10T04:37:51.457Z
v-atfkskpu4x,B,view,2025-09-10T04:37:51.669Z
v-atfkskpu4x,B,view,2025-09-10T04:37:51.867Z
v-atfkskpu4x,B,view,2025-09-10T04:37:52.068Z
v-atfkskpu4x,A,view,2025-09-10T04:37:52.249Z
v-atfkskpu4x,A,view,2025-09-10T04:37:52.437Z
v-atfkskpu4x,A,view,2025-09-10T04:37:52.639Z
v-atfkskpu4x,A,view,2025-09-10T04:37:52.833Z
v-atfkskpu4x,B,view,2025-09-10T04:37:53.053Z
v-atfkskpu4x,A,view,2025-09-10T04:37:53.243Z
v-atfkskpu4x,A,view,2025-09-10T04:37:53.458Z
v-atfkskpu4x,B,view,2025-09-10T04:37:53.648Z
v-atfkskpu4x,B,view,2025-09-10T04:37:53.851Z
v-atfkskpu4x,B,view,2025-09-10T04:37:54.055Z
v-atfkskpu4x,B,view,2025-09-10T04:37:54.259Z
v-atfkskpu4x,B,view,2025-09-10T04:37:54.473Z
v-atfkskpu4x,B,view,2025-09-10T04:37:54.662Z
v-atfkskpu4x,B,view,2025-09-10T04:37:54.908Z
v-atfkskpu4x,B,view,2025-09-10T04:37:55.105Z
v-atfkskpu4x,A,view,2025-09-10T04:37:55.301Z
v-atfkskpu4x,B,view,2025-09-10T04:37:55.499Z
v-atfkskpu4x,A,view,2025-09-10T04:37:55.686Z
v-atfkskpu4x,A,view,2025-09-10T04:37:55.897Z
v-atfkskpu4x,A,view,2025-09-10T04:37:56.101Z
v-atfkskpu4x,B,view,2025-09-10T04:37:56.300Z
v-atfkskpu4x,B,view,2025-09-10T04:37:56.562Z
v-atfkskpu4x,B,view,2025-09-10T04:37:56.749Z
v-atfkskpu4x,A,view,2025-09-10T04:37:56.946Z
v-atfkskpu4x,A,view,2025-09-10T04:37:57.146Z
v-atfkskpu4x,A,view,2025-09-10T04:37:57.353Z
v-atfkskpu4x,B,view,2025-09-10T04:37:57.558Z
v-atfkskpu4x,A,view,2025-09-10T04:37:57.764Z
v-atfkskpu4x,B,view,2025-09-10T04:37:57.967Z
v-atfkskpu4x,B,view,2025-09-10T04:37:58.161Z
v-atfkskpu4x,B,view,2025-09-10T04:37:58.360Z
v-atfkskpu4x,A,view,2025-09-10T04:37:58.563Z
v-atfkskpu4x,A,view,2025-09-10T04:37:58.747Z
v-atfkskpu4x,A,view,2025-09-10T04:37:58.950Z
v-atfkskpu4x,B,view,2025-09-10T04:37:59.147Z
v-atfkskpu4x,A,view,2025-09-10T04:37:59.354Z
v-atfkskpu4x,B,view,2025-09-10T04:37:59.567Z
v-atfkskpu4x,B,view,2025-09-10T04:37:59.783Z
v-atfkskpu4x,B,view,2025-09-10T04:37:59.980Z
v-atfkskpu4x,B,view,2025-09-10T04:38:00.169Z
v-atfkskpu4x,A,view,2025-09-10T04:38:00.374Z
v-atfkskpu4x,A,view,2025-09-10T04:38:00.561Z
v-atfkskpu4x,A,view,2025-09-10T04:38:00.746Z
v-atfkskpu4x,B,view,2025-09-10T04:38:00.954Z
v-atfkskpu4x,A,view,2025-09-10T04:38:01.146Z
v-atfkskpu4x,B,view,2025-09-10T04:38:01.349Z
v-atfkskpu4x,B,view,2025-09-10T04:38:01.550Z
v-atfkskpu4x,B,view,2025-09-10T04:38:01.756Z
v-atfkskpu4x,B,view,2025-09-10T04:38:01.955Z
v-atfkskpu4x,B,view,2025-09-10T04:38:02.152Z
v-atfkskpu4x,A,view,2025-09-10T04:38:02.344Z
v-atfkskpu4x,A,view,2025-09-10T04:38:02.530Z
v-atfkskpu4x,A,view,2025-09-10T04:38:02.738Z
v-atfkskpu4x,B,view,2025-09-10T04:38:02.954Z
v-atfkskpu4x,A,view,2025-09-10T04:38:03.167Z
v-atfkskpu4x,B,view,2025-09-10T04:38:03.373Z
v-atfkskpu4x,B,view,2025-09-10T04:38:03.567Z
v-atfkskpu4x,A,view,2025-09-10T04:38:03.750Z
v-atfkskpu4x,B,view,2025-09-10T04:38:03.942Z
v-atfkskpu4x,A,view,2025-09-10T04:38:04.164Z
v-atfkskpu4x,A,view,2025-09-10T04:38:04.369Z
v-atfkskpu4x,A,view,2025-09-10T04:38:04.581Z
v-atfkskpu4x,B,view,2025-09-10T04:38:04.782Z
v-atfkskpu4x,A,view,2025-09-10T04:38:04.976Z
v-atfkskpu4x,A,view,2025-09-10T04:38:05.170Z
v-atfkskpu4x,B,view,2025-09-10T04:38:05.361Z
v-atfkskpu4x,B,view,2025-09-10T04:38:05.550Z
v-atfkskpu4x,B,view,2025-09-10T04:38:05.761Z
v-atfkskpu4x,A,view,2025-09-10T04:38:05.949Z
v-atfkskpu4x,A,view,2025-09-10T04:38:06.180Z
v-atfkskpu4x,B,view,2025-09-10T04:38:06.404Z
v-atfkskpu4x,A,view,2025-09-10T04:38:06.697Z
v-atfkskpu4x,A,view,2025-09-10T04:38:06.914Z
v-atfkskpu4x,B,view,2025-09-10T04:38:07.140Z
v-atfkskpu4x,B,view,2025-09-10T04:38:07.348Z
v-atfkskpu4x,A,view,2025-09-10T04:38:07.552Z
v-atfkskpu4x,B,view,2025-09-10T04:38:07.784Z
v-atfkskpu4x,B,view,2025-09-10T04:38:07.984Z
v-atfkskpu4x,A,view,2025-09-10T04:38:08.192Z
v-atfkskpu4x,A,view,2025-09-10T04:38:08.385Z
v-atfkskpu4x,B,view,2025-09-10T04:38:08.582Z
v-atfkskpu4x,A,view,2025-09-10T04:38:08.792Z
v-atfkskpu4x,A,view,2025-09-10T04:38:09.000Z
v-atfkskpu4x,A,view,2025-09-10T04:38:09.197Z
v-atfkskpu4x,A,view,2025-09-10T04:38:09.403Z
v-atfkskpu4x,A,view,2025-09-10T04:38:09.683Z
v-atfkskpu4x,B,view,2025-09-10T04:38:09.936Z
v-atfkskpu4x,A,view,2025-09-10T04:38:10.145Z
v-atfkskpu4x,B,view,2025-09-10T04:38:10.344Z
v-atfkskpu4x,B,view,2025-09-10T04:38:10.585Z
v-atfkskpu4x,B,view,2025-09-10T04:38:10.774Z
v-atfkskpu4x,A,view,2025-09-10T04:38:10.972Z
v-atfkskpu4x,A,view,2025-09-10T04:38:11.174Z
v-atfkskpu4x,A,view,2025-09-10T04:38:11.378Z
v-atfkskpu4x,B,view,2025-09-10T04:38:11.580Z
v-atfkskpu4x,B,view,2025-09-10T04:38:11.787Z
v-atfkskpu4x,B,view,2025-09-10T04:38:11.987Z
v-atfkskpu4x,B,view,2025-09-10T04:38:12.194Z
v-atfkskpu4x,B,view,2025-09-10T04:38:12.399Z
v-atfkskpu4x,A,view,2025-09-10T04:38:12.604Z
v-atfkskpu4x,B,view,2025-09-10T04:38:12.801Z
v-atfkskpu4x,B,view,2025-09-10T04:38:13.016Z
v-atfkskpu4x,A,view,2025-09-10T04:38:13.267Z
v-atfkskpu4x,B,view,2025-09-10T04:38:13.479Z
v-atfkskpu4x,A,view,2025-09-10T04:38:13.694Z
v-atfkskpu4x,A,view,2025-09-10T04:38:13.892Z
v-atfkskpu4x,B,view,2025-09-10T04:38:14.100Z
v-atfkskpu4x,A,view,2025-09-10T04:38:14.299Z
v-atfkskpu4x,A,view,2025-09-10T04:38:14.517Z
v-atfkskpu4x,A,view,2025-09-10T04:38:14.726Z
v-atfkskpu4x,B,view,2025-09-10T04:38:14.921Z
v-atfkskpu4x,B,view,2025-09-10T04:38:15.124Z
v-atfkskpu4x,B,view,2025-09-10T04:38:15.325Z
v-atfkskpu4x,A,view,2025-09-10T04:38:15.517Z
v-atfkskpu4x,B,view,2025-09-10T04:38:15.722Z
v-atfkskpu4x,A,view,2025-09-10T04:38:15.937Z
v-atfkskpu4x,B,view,2025-09-10T04:38:16.159Z
v-atfkskpu4x,A,view,2025-09-10T04:38:16.352Z
v-atfkskpu4x,B,view,2025-09-10T04:38:16.545Z
v-atfkskpu4x,A,view,2025-09-10T04:38:16.749Z
v-atfkskpu4x,A,view,2025-09-10T04:38:16.950Z
v-atfkskpu4x,A,view,2025-09-10T04:38:17.149Z
v-atfkskpu4x,A,view,2025-09-10T04:38:17.364Z
v-atfkskpu4x,A,view,2025-09-10T04:38:17.559Z
v-atfkskpu4x,A,view,2025-09-10T04:38:17.776Z
v-atfkskpu4x,B,view,2025-09-10T04:38:17.976Z
v-atfkskpu4x,B,view,2025-09-10T04:38:18.206Z
v-atfkskpu4x,A,view,2025-09-10T04:38:18.431Z
v-atfkskpu4x,A,view,2025-09-10T04:38:18.635Z
v-atfkskpu4x,B,view,2025-09-10T04:38:18.829Z
v-atfkskpu4x,B,view,2025-09-10T04:38:19.085Z
v-atfkskpu4x,B,view,2025-09-10T04:38:19.269Z
v-atfkskpu4x,A,view,2025-09-10T04:38:19.518Z
v-atfkskpu4x,A,view,2025-09-10T04:38:19.707Z
v-atfkskpu4x,B,view,2025-09-10T04:38:19.938Z
v-atfkskpu4x,B,view,2025-09-10T04:38:20.154Z
v-atfkskpu4x,A,view,2025-09-10T04:38:20.341Z
v-atfkskpu4x,A,view,2025-09-10T04:38:20.576Z
v-atfkskpu4x,A,view,2025-09-10T04:38:20.779Z
v-atfkskpu4x,B,view,2025-09-10T04:38:20.972Z
v-atfkskpu4x,A,view,2025-09-10T04:38:21.179Z
v-atfkskpu4x,A,view,2025-09-10T04:38:21.388Z
v-atfkskpu4x,A,view,2025-09-10T04:38:21.609Z
v-atfkskpu4x,A,view,2025-09-10T04:38:21.817Z
v-atfkskpu4x,B,view,2025-09-10T04:38:22.111Z
v-atfkskpu4x,A,view,2025-09-10T04:38:22.366Z
v-atfkskpu4x,A,view,2025-09-10T04:38:22.545Z
v-atfkskpu4x,B,view,2025-09-10T04:38:22.742Z
v-atfkskpu4x,A,view,2025-09-10T04:38:22.949Z
v-atfkskpu4x,B,view,2025-09-10T04:38:23.159Z
v-atfkskpu4x,A,view,2025-09-10T04:38:23.409Z
v-atfkskpu4x,B,view,2025-09-10T04:38:23.619Z
v-atfkskpu4x,B,view,2025-09-10T04:38:23.837Z
v-atfkskpu4x,B,view,2025-09-10T04:38:24.057Z
v-atfkskpu4x,A,view,2025-09-10T04:38:24.262Z
v-atfkskpu4x,A,view,2025-09-10T04:38:24.492Z
v-atfkskpu4x,B,view,2025-09-10T04:38:24.691Z
v-atfkskpu4x,B,view,2025-09-10T04:38:24.947Z
v-atfkskpu4x,B,view,2025-09-10T04:38:25.149Z
v-atfkskpu4x,B,view,2025-09-10T04:38:25.405Z
v-atfkskpu4x,B,view,2025-09-10T04:38:25.635Z
v-atfkskpu4x,B,view,2025-09-10T04:38:25.838Z
v-atfkskpu4x,B,view,2025-09-10T04:38:26.060Z
v-atfkskpu4x,A,view,2025-09-10T04:38:26.247Z
v-atfkskpu4x,A,view,2025-09-10T04:38:26.433Z
v-atfkskpu4x,A,view,2025-09-10T04:38:26.630Z
v-atfkskpu4x,A,view,2025-09-10T04:38:26.892Z
v-atfkskpu4x,B,view,2025-09-10T04:38:27.240Z
v-atfkskpu4x,B,view,2025-09-10T04:38:27.451Z
v-atfkskpu4x,A,view,2025-09-10T04:38:27.644Z
v-atfkskpu4x,A,view,2025-09-10T04:38:27.832Z
v-atfkskpu4x,B,view,2025-09-10T04:38:28.043Z
v-atfkskpu4x,B,view,2025-09-10T04:38:28.250Z
v-atfkskpu4x,A,view,2025-09-10T04:38:28.447Z
v-atfkskpu4x,A,view,2025-09-10T04:38:28.647Z
v-atfkskpu4x,B,view,2025-09-10T04:38:28.839Z
v-atfkskpu4x,B,view,2025-09-10T04:38:29.052Z
v-atfkskpu4x,B,view,2025-09-10T04:38:29.253Z
v-atfkskpu4x,A,view,2025-09-10T04:38:29.468Z
v-atfkskpu4x,A,view,2025-09-10T04:38:29.640Z
v-atfkskpu4x,B,view,2025-09-10T04:38:29.838Z
v-atfkskpu4x,B,view,2025-09-10T04:38:30.043Z
v-atfkskpu4x,B,view,2025-09-10T04:38:30.248Z
v-atfkskpu4x,B,view,2025-09-10T04:38:30.444Z
v-atfkskpu4x,B,view,2025-09-10T04:38:30.655Z
v-atfkskpu4x,A,view,2025-09-10T04:38:30.900Z
v-atfkskpu4x,B,view,2025-09-10T04:38:31.087Z
v-atfkskpu4x,B,view,2025-09-10T04:38:31.308Z
v-atfkskpu4x,A,view,2025-09-10T04:38:31.523Z
v-atfkskpu4x,A,view,2025-09-10T04:38:31.717Z
v-atfkskpu4x,A,view,2025-09-10T04:38:31.956Z
v-atfkskpu4x,B,view,2025-09-10T04:38:32.128Z
v-atfkskpu4x,B,view,2025-09-10T04:38:32.325Z
v-atfkskpu4x,A,view,2025-09-10T04:38:32.625Z
v-atfkskpu4x,B,view,2025-09-10T04:38:32.842Z
v-atfkskpu4x,B,view,2025-09-10T04:38:33.046Z
v-atfkskpu4x,A,view,2025-09-10T04:38:33.258Z
v-atfkskpu4x,A,view,2025-09-10T04:38:33.452Z
v-atfkskpu4x,B,view,2025-09-10T04:38:33.646Z
v-atfkskpu4x,A,view,2025-09-10T04:38:33.847Z
v-atfkskpu4x,A,view,2025-09-10T04:38:34.046Z
v-atfkskpu4x,B,view,2025-09-10T04:38:34.241Z
v-atfkskpu4x,B,view,2025-09-10T04:38:34.445Z
v-atfkskpu4x,B,view,2025-09-10T04:38:34.638Z
v-atfkskpu4x,B,view,2025-09-10T04:38:34.884Z
v-atfkskpu4x,B,view,2025-09-10T04:38:35.102Z
v-atfkskpu4x,B,view,2025-09-10T04:38:35.321Z
v-atfkskpu4x,B,view,2025-09-10T04:38:35.514Z
v-atfkskpu4x,A,view,2025-09-10T04:38:35.735Z
v-atfkskpu4x,B,view,2025-09-10T04:38:35.955Z
v-atfkskpu4x,B,view,2025-09-10T04:38:36.156Z
v-atfkskpu4x,B,view,2025-09-10T04:38:36.350Z
v-atfkskpu4x,B,view,2025-09-10T04:38:36.551Z
v-atfkskpu4x,A,view,2025-09-10T04:38:36.771Z
v-atfkskpu4x,A,view,2025-09-10T04:38:36.989Z
v-atfkskpu4x,A,view,2025-09-10T04:38:37.200Z
v-atfkskpu4x,A,view,2025-09-10T04:38:37.381Z
v-atfkskpu4x,A,view,2025-09-10T04:38:37.584Z
v-atfkskpu4x,A,view,2025-09-10T04:38:37.801Z
v-atfkskpu4x,B,view,2025-09-10T04:38:38.054Z
v-atfkskpu4x,A,view,2025-09-10T04:38:38.330Z
v-atfkskpu4x,B,view,2025-09-10T04:38:38.708Z
v-atfkskpu4x,B,view,2025-09-10T04:38:38.995Z
v-atfkskpu4x,A,view,2025-09-10T04:38:39.314Z
v-atfkskpu4x,A,view,2025-09-10T04:38:39.601Z
v-atfkskpu4x,A,view,2025-09-10T04:38:39.822Z
v-atfkskpu4x,B,view,2025-09-10T04:38:40.045Z
v-atfkskpu4x,B,view,2025-09-10T04:38:40.299Z
v-atfkskpu4x,B,view,2025-09-10T04:38:40.808Z
v-atfkskpu4x,B,view,2025-09-10T04:38:41.437Z
v-atfkskpu4x,B,view,2025-09-10T04:38:41.852Z
v-atfkskpu4x,A,view,2025-09-10T04:38:42.195Z
v-atfkskpu4x,A,view,2025-09-10T04:38:42.464Z
v-atfkskpu4x,B,view,2025-09-10T04:38:42.662Z
v-atfkskpu4x,A,view,2025-09-10T04:38:42.902Z
v-atfkskpu4x,B,view,2025-09-10T04:38:43.103Z
v-atfkskpu4x,B,view,2025-09-10T04:38:43.312Z
v-atfkskpu4x,B,view,2025-09-10T04:38:43.502Z
v-atfkskpu4x,B,view,2025-09-10T04:38:43.699Z
v-atfkskpu4x,A,view,2025-09-10T04:38:43.918Z
v-atfkskpu4x,A,view,2025-09-10T04:38:44.113Z
v-atfkskpu4x,A,view,2025-09-10T04:38:44.303Z
v-atfkskpu4x,A,view,2025-09-10T04:38:44.504Z
v-atfkskpu4x,B,view,2025-09-10T04:38:44.717Z
v-atfkskpu4x,A,view,2025-09-10T04:38:44.916Z
v-atfkskpu4x,B,view,2025-09-10T04:38:45.167Z
v-atfkskpu4x,B,view,2025-09-10T04:38:45.377Z
v-atfkskpu4x,A,view,2025-09-10T04:38:45.565Z
v-atfkskpu4x,A,view,2025-09-10T04:38:45.764Z
v-atfkskpu4x,A,view,2025-09-10T04:38:45.966Z
v-atfkskpu4x,B,view,2025-09-10T04:38:46.178Z
v-atfkskpu4x,B,view,2025-09-10T04:38:46.384Z
v-atfkskpu4x,B,view,2025-09-10T04:38:46.604Z
v-atfkskpu4x,A,view,2025-09-10T04:38:46.865Z
v-atfkskpu4x,B,view,2025-09-10T04:38:47.054Z
v-atfkskpu4x,A,view,2025-09-10T04:38:47.298Z
v-atfkskpu4x,A,view,2025-09-10T04:38:47.517Z
v-atfkskpu4x,A,view,2025-09-10T04:38:47.710Z
v-atfkskpu4x,A,view,2025-09-10T04:38:47.903Z
v-atfkskpu4x,B,view,2025-09-10T04:38:48.103Z
v-atfkskpu4x,B,view,2025-09-10T04:38:48.307Z
v-atfkskpu4x,B,view,2025-09-10T04:38:48.507Z
v-atfkskpu4x,A,view,2025-09-10T04:38:48.698Z
v-atfkskpu4x,A,view,2025-09-10T04:38:48.905Z
v-atfkskpu4x,B,view,2025-09-10T04:38:49.105Z
v-atfkskpu4x,A,view,2025-09-10T04:38:49.376Z
v-atfkskpu4x,B,view,2025-09-10T04:38:49.586Z
v-atfkskpu4x,B,view,2025-09-10T04:38:49.760Z
v-atfkskpu4x,B,view,2025-09-10T04:38:49.952Z
v-atfkskpu4x,B,view,2025-09-10T04:38:50.156Z
v-atfkskpu4x,A,view,2025-09-10T04:38:50.347Z
v-atfkskpu4x,A,view,2025-09-10T04:38:50.542Z
v-atfkskpu4x,B,view,2025-09-10T04:38:50.762Z
v-atfkskpu4x,B,view,2025-09-10T04:38:50.963Z
v-atfkskpu4x,A,view,2025-09-10T04:38:51.162Z
v-atfkskpu4x,B,view,2025-09-10T04:38:51.367Z
v-atfkskpu4x,A,view,2025-09-10T04:38:51.571Z
v-atfkskpu4x,B,view,2025-09-10T04:38:51.772Z
v-atfkskpu4x,B,view,2025-09-10T04:38:51.961Z
v-atfkskpu4x,B,view,2025-09-10T04:38:52.172Z
v-atfkskpu4x,B,view,2025-09-10T04:38:52.366Z
v-atfkskpu4x,A,view,2025-09-10T04:38:52.556Z
v-atfkskpu4x,B,view,2025-09-10T04:38:52.757Z
v-atfkskpu4x,A,view,2025-09-10T04:38:52.967Z
v-atfkskpu4x,A,view,2025-09-10T04:38:53.162Z
v-atfkskpu4x,B,view,2025-09-10T04:38:53.383Z
v-atfkskpu4x,A,view,2025-09-10T04:38:53.582Z
v-atfkskpu4x,A,view,2025-09-10T04:38:53.785Z
v-atfkskpu4x,B,view,2025-09-10T04:38:53.988Z
v-atfkskpu4x,B,view,2025-09-10T04:38:54.167Z
v-atfkskpu4x,B,view,2025-09-10T04:38:54.372Z
v-atfkskpu4x,B,view,2025-09-10T04:38:54.584Z
v-atfkskpu4x,A,view,2025-09-10T04:38:54.778Z
v-atfkskpu4x,B,view,2025-09-10T04:38:55.034Z
v-atfkskpu4x,A,view,2025-09-10T04:38:55.235Z
v-atfkskpu4x,B,view,2025-09-10T04:38:55.454Z
v-atfkskpu4x,A,view,2025-09-10T04:38:55.643Z
v-atfkskpu4x,A,view,2025-09-10T04:38:55.854Z
v-atfkskpu4x,A,view,2025-09-10T04:38:56.063Z
v-atfkskpu4x,B,view,2025-09-10T04:38:56.265Z
v-atfkskpu4x,A,view,2025-09-10T04:38:56.473Z
v-atfkskpu4x,A,view,2025-09-10T04:38:56.671Z
v-atfkskpu4x,A,view,2025-09-10T04:38:56.911Z
v-atfkskpu4x,B,view,2025-09-10T04:38:57.090Z
v-atfkskpu4x,B,view,2025-09-10T04:38:57.283Z
v-atfkskpu4x,A,view,2025-09-10T04:38:57.494Z
v-atfkskpu4x,A,view,2025-09-10T04:38:57.672Z
v-atfkskpu4x,A,view,2025-09-10T04:38:57.880Z
v-atfkskpu4x,A,view,2025-09-10T04:38:58.078Z
v-atfkskpu4x,A,view,2025-09-10T04:38:58.284Z
v-atfkskpu4x,A,view,2025-09-10T04:38:58.492Z
v-atfkskpu4x,A,view,2025-09-10T04:38:58.686Z
v-atfkskpu4x,A,view,2025-09-10T04:38:58.880Z
v-atfkskpu4x,B,view,2025-09-10T04:38:59.065Z
v-atfkskpu4x,B,view,2025-09-10T04:38:59.257Z
v-atfkskpu4x,B,view,2025-09-10T04:38:59.450Z
v-atfkskpu4x,B,view,2025-09-10T04:38:59.643Z
v-atfkskpu4x,A,view,2025-09-10T04:38:59.860Z
v-atfkskpu4x,A,view,2025-09-10T04:39:00.059Z
v-atfkskpu4x,B,view,2025-09-10T04:39:00.257Z
v-atfkskpu4x,B,view,2025-09-10T04:39:00.454Z
v-atfkskpu4x,A,view,2025-09-10T04:39:00.663Z
v-atfkskpu4x,B,view,2025-09-10T04:39:00.893Z
v-atfkskpu4x,A,view,2025-09-10T04:39:01.091Z
v-atfkskpu4x,B,view,2025-09-10T04:39:01.310Z
v-atfkskpu4x,B,view,2025-09-10T04:39:01.530Z
v-atfkskpu4x,B,view,2025-09-10T04:39:01.734Z
v-atfkskpu4x,A,view,2025-09-10T04:39:01.936Z
v-atfkskpu4x,A,view,2025-09-10T04:39:02.131Z
v-atfkskpu4x,B,view,2025-09-10T04:39:02.341Z
v-atfkskpu4x,B,view,2025-09-10T04:39:02.564Z
v-atfkskpu4x,B,view,2025-09-10T04:39:02.778Z
v-atfkskpu4x,A,view,2025-09-10T04:39:02.991Z
v-atfkskpu4x,B,view,2025-09-10T04:39:03.186Z
v-atfkskpu4x,B,view,2025-09-10T04:39:03.415Z
v-atfkskpu4x,B,view,2025-09-10T04:39:03.714Z
v-atfkskpu4x,B,view,2025-09-10T04:39:03.894Z
v-atfkskpu4x,A,view,2025-09-10T04:39:04.090Z
v-atfkskpu4x,B,view,2025-09-10T04:39:04.297Z
v-atfkskpu4x,B,view,2025-09-10T04:39:04.521Z
v-atfkskpu4x,A,view,2025-09-10T04:39:04.828Z
v-atfkskpu4x,B,view,2025-09-10T04:39:05.125Z
v-atfkskpu4x,B,view,2025-09-10T04:39:05.383Z
v-atfkskpu4x,B,view,2025-09-10T04:39:05.694Z
v-atfkskpu4x,A,view,2025-09-10T04:39:06.012Z
v-atfkskpu4x,A,view,2025-09-10T04:39:06.319Z
v-atfkskpu4x,A,view,2025-09-10T04:39:06.655Z
v-atfkskpu4x,B,view,2025-09-10T04:39:06.929Z
v-atfkskpu4x,B,view,2025-09-10T04:39:07.159Z
v-atfkskpu4x,A,view,2025-09-10T04:39:07.379Z
v-atfkskpu4x,A,view,2025-09-10T04:39:07.613Z
v-atfkskpu4x,B,view,2025-09-10T04:39:07.843Z
v-atfkskpu4x,A,view,2025-09-10T04:39:08.063Z
v-atfkskpu4x,B,view,2025-09-10T04:39:08.284Z
v-atfkskpu4x,A,view,2025-09-10T04:39:08.536Z
v-atfkskpu4x,A,view,2025-09-10T04:39:08.798Z
v-atfkskpu4x,B,view,2025-09-10T04:39:09.035Z
v-atfkskpu4x,A,view,2025-09-10T04:39:09.313Z
v-atfkskpu4x,A,view,2025-09-10T04:39:09.561Z
v-atfkskpu4x,A,view,2025-09-10T04:39:09.774Z
v-atfkskpu4x,A,view,2025-09-10T04:39:10.000Z
v-atfkskpu4x,B,view,2025-09-10T04:39:10.234Z
v-atfkskpu4x,A,view,2025-09-10T04:39:10.464Z
v-atfkskpu4x,B,view,2025-09-10T04:39:10.689Z
v-atfkskpu4x,A,view,2025-09-10T04:39:10.904Z
v-atfkskpu4x,A,view,2025-09-10T04:39:11.171Z
v-atfkskpu4x,A,view,2025-09-10T04:39:11.367Z
v-atfkskpu4x,B,view,2025-09-10T04:39:11.592Z
v-atfkskpu4x,B,view,2025-09-10T04:39:11.782Z
v-atfkskpu4x,A,view,2025-09-10T04:39:12.004Z
v-atfkskpu4x,B,view,2025-09-10T04:39:12.238Z
v-atfkskpu4x,B,view,2025-09-10T04:39:12.466Z
v-atfkskpu4x,A,view,2025-09-10T04:39:12.656Z
v-atfkskpu4x,B,view,2025-09-10T04:39:12.869Z
v-atfkskpu4x,A,view,2025-09-10T04:39:13.069Z
v-atfkskpu4x,A,view,2025-09-10T04:39:13.266Z
v-atfkskpu4x,B,view,2025-09-10T04:39:13.500Z
v-atfkskpu4x,A,view,2025-09-10T04:39:13.684Z
v-atfkskpu4x,A,view,2025-09-10T04:39:13.895Z
v-atfkskpu4x,A,view,2025-09-10T04:39:14.095Z
v-atfkskpu4x,A,view,2025-09-10T04:39:14.280Z
v-atfkskpu4x,A,view,2025-09-10T04:39:14.472Z
v-atfkskpu4x,A,view,2025-09-10T04:39:14.684Z
v-atfkskpu4x,B,view,2025-09-10T04:39:14.910Z
v-atfkskpu4x,B,view,2025-09-10T04:39:15.118Z
v-atfkskpu4x,A,view,2025-09-10T04:39:15.298Z
v-atfkskpu4x,B,view,2025-09-10T04:39:15.499Z
v-atfkskpu4x,B,view,2025-09-10T04:39:15.720Z
v-atfkskpu4x,B,view,2025-09-10T04:39:15.913Z
v-atfkskpu4x,B,view,2025-09-10T04:39:16.128Z
v-atfkskpu4x,B,view,2025-09-10T04:39:16.341Z
v-atfkskpu4x,A,view,2025-09-10T04:39:16.571Z
v-atfkskpu4x,A,view,2025-09-10T04:39:16.769Z
v-atfkskpu4x,A,view,2025-09-10T04:39:17.003Z
v-atfkskpu4x,B,view,2025-09-10T04:39:17.239Z
v-atfkskpu4x,A,view,2025-09-10T04:39:17.481Z
v-atfkskpu4x,A,view,2025-09-10T04:39:17.702Z
v-atfkskpu4x,A,view,2025-09-10T04:39:17.916Z
v-atfkskpu4x,B,view,2025-09-10T04:39:18.156Z
v-atfkskpu4x,B,view,2025-09-10T04:39:18.402Z
v-atfkskpu4x,B,view,2025-09-10T04:39:18.622Z
v-atfkskpu4x,B,view,2025-09-10T04:39:18.842Z
v-atfkskpu4x,A,view,2025-09-10T04:39:19.100Z
v-atfkskpu4x,A,view,2025-09-10T04:39:19.336Z
v-atfkskpu4x,A,view,2025-09-10T04:39:19.586Z
v-atfkskpu4x,B,view,2025-09-10T04:39:19.847Z
v-atfkskpu4x,A,view,2025-09-10T04:39:20.096Z
v-atfkskpu4x,A,view,2025-09-10T04:39:20.304Z
v-atfkskpu4x,A,view,2025-09-10T04:39:20.526Z
v-atfkskpu4x,B,view,2025-09-10T04:39:20.780Z
v-atfkskpu4x,B,view,2025-09-10T04:39:21.026Z
v-atfkskpu4x,B,view,2025-09-10T04:39:21.238Z
v-atfkskpu4x,B,view,2025-09-10T04:39:21.463Z
v-atfkskpu4x,A,view,2025-09-10T04:39:21.725Z
v-atfkskpu4x,A,view,2025-09-10T04:39:21.973Z
v-atfkskpu4x,A,view,2025-09-10T04:39:22.200Z
v-atfkskpu4x,A,view,2025-09-10T04:39:22.511Z
v-atfkskpu4x,A,view,2025-09-10T04:39:22.759Z
v-atfkskpu4x,A,view,2025-09-10T04:39:22.987Z
v-atfkskpu4x,B,view,2025-09-10T04:39:23.194Z
v-atfkskpu4x,B,view,2025-09-10T04:39:23.442Z
v-atfkskpu4x,A,view,2025-09-10T04:39:23.666Z
v-atfkskpu4x,A,view,2025-09-10T04:39:23.851Z
v-atfkskpu4x,B,view,2025-09-10T04:39:24.093Z
v-atfkskpu4x,B,view,2025-09-10T04:39:24.344Z
v-atfkskpu4x,A,view,2025-09-10T04:39:24.549Z
v-atfkskpu4x,B,view,2025-09-10T04:39:24.776Z
v-atfkskpu4x,B,view,2025-09-10T04:39:24.976Z
v-atfkskpu4x,A,view,2025-09-10T04:39:25.200Z
v-atfkskpu4x,B,view,2025-09-10T04:39:25.403Z
v-atfkskpu4x,B,view,2025-09-10T04:39:25.597Z
v-atfkskpu4x,A,view,2025-09-10T04:39:25.790Z
v-atfkskpu4x,B,view,2025-09-10T04:39:25.991Z
v-atfkskpu4x,B,view,2025-09-10T04:39:26.193Z
v-atfkskpu4x,B,view,2025-09-10T04:39:26.387Z
v-atfkskpu4x,A,view,2025-09-10T04:39:26.660Z
v-atfkskpu4x,A,view,2025-09-10T04:39:26.882Z
v-atfkskpu4x,B,view,2025-09-10T04:39:27.068Z
v-atfkskpu4x,A,view,2025-09-10T04:39:27.282Z
v-atfkskpu4x,B,view,2025-09-10T04:39:27.495Z
v-atfkskpu4x,B,view,2025-09-10T04:39:27.705Z
v-atfkskpu4x,A,view,2025-09-10T04:39:27.925Z
v-atfkskpu4x,A,view,2025-09-10T04:39:28.141Z
v-atfkskpu4x,A,view,2025-09-10T04:39:28.355Z
v-atfkskpu4x,A,view,2025-09-10T04:39:28.573Z
v-atfkskpu4x,B,view,2025-09-10T04:39:28.787Z
v-atfkskpu4x,A,view,2025-09-10T04:39:28.994Z
v-atfkskpu4x,B,view,2025-09-10T04:39:29.191Z
v-atfkskpu4x,B,view,2025-09-10T04:39:29.459Z
v-atfkskpu4x,B,view,2025-09-10T04:39:29.725Z
v-atfkskpu4x,B,view,2025-09-10T04:39:29.952Z
v-atfkskpu4x,B,view,2025-09-10T04:39:30.152Z
v-atfkskpu4x,A,view,2025-09-10T04:39:30.387Z
v-atfkskpu4x,B,view,2025-09-10T04:39:30.578Z
v-atfkskpu4x,A,view,2025-09-10T04:39:30.763Z
v-atfkskpu4x,B,view,2025-09-10T04:39:30.983Z
v-atfkskpu4x,A,view,2025-09-10T04:39:31.188Z
v-atfkskpu4x,B,view,2025-09-10T04:39:31.469Z
v-atfkskpu4x,A,view,2025-09-10T04:39:31.756Z
v-atfkskpu4x,A,view,2025-09-10T04:39:31.994Z
v-atfkskpu4x,B,view,2025-09-10T04:39:32.251Z
v-atfkskpu4x,A,view,2025-09-10T04:39:32.459Z
v-atfkskpu4x,A,view,2025-09-10T04:39:32.650Z
v-atfkskpu4x,B,view,2025-09-10T04:39:32.860Z
v-atfkskpu4x,A,view,2025-09-10T04:39:33.083Z
v-atfkskpu4x,B,view,2025-09-10T04:39:33.293Z
v-atfkskpu4x,B,view,2025-09-10T04:39:33.502Z
v-atfkskpu4x,A,view,2025-09-10T04:39:33.728Z
v-atfkskpu4x,A,view,2025-09-10T04:39:33.989Z
v-atfkskpu4x,A,view,2025-09-10T04:39:34.300Z
v-atfkskpu4x,A,view,2025-09-10T04:39:34.532Z
v-atfkskpu4x,A,view,2025-09-10T04:39:34.755Z
v-atfkskpu4x,A,view,2025-09-10T04:39:34.961Z
v-atfkskpu4x,A,view,2025-09-10T04:39:35.165Z
v-atfkskpu4x,B,view,2025-09-10T04:39:35.362Z
v-atfkskpu4x,B,view,2025-09-10T04:39:35.569Z
v-atfkskpu4x,A,view,2025-09-10T04:39:35.778Z
v-atfkskpu4x,A,view,2025-09-10T04:39:35.979Z
v-atfkskpu4x,B,view,2025-09-10T04:39:36.195Z
v-atfkskpu4x,B,view,2025-09-10T04:39:36.398Z
v-atfkskpu4x,B,view,2025-09-10T04:39:36.604Zv-q936oaih3n,A,view,2025-09-10T05:47:43.492Z
v-q936oaih3n,A,conversion,2025-09-10T05:47:52.630Z
v-q936oaih3n,A,conversion,2025-09-10T05:48:05.471Z
v-q936oaih3n,B,view,2025-09-10T05:48:24.507Z
v-q936oaih3n,B,conversion,2025-09-10T05:48:34.880Z
